[
    {
        "id": 1,
        "nome_completo": "João Silva",
        "data_nascimento": "1985-07-20",
        "email": "joao.silva@example.com",
        "cidade": "Rio de Janeiro",
        "estado": "RJ",
        "consoles": "PS5|Xbox Series X",
        "jogos_preferidos": "The Last of Us|Halo Infinite|FIFA 21|Cyberpunk 2077|GTA V"
    },
    {
        "id": 2,
        "nome_completo": "Maria Oliveira",
        "data_nascimento": "1990-11-05",
        "email": "maria.oliveira@example",
        "cidade": "Curitiba",
        "estado": "PR",
        "consoles": "PS4|Switch",
        "jogos_preferidos": "Zelda Breath of the Wild|Uncharted 4|Mario Kart 8|Animal Crossing|Overwatch"
    },
    {
        "id": 3,
        "nome_completo": "Pedro Souza",
        "data_nascimento": "1978/03/15",
        "email": "pedro.souza@example.com",
        "cidade": "Salvador",
        "estado": "BA",
        "consoles": "Xbox One|PS5",
        "jogos_preferidos": "Red Dead Redemption 2|Forza Horizon 4|Spider-Man|Bloodborne|Fortnite"
    },
    {
        "id": 4,
        "nome_completo": "Ana Costa",
        "data_nascimento": "2000-02-30",
        "email": "ana.costa@example.com",
        "cidade": "Fortaleza",
        "estado": "CE",
        "consoles": "Switch|PS4",
        "jogos_preferidos": "Super Mario Odyssey|The Witcher 3|Metroid Dread|Hades|Splatoon 2"
    },
    {
        "id": 5,
        "nome_completo": "Luiz Pereira",
        "data_nascimento": "1982-08-19",
        "email": "luiz.pereira@example.com",
        "cidade": "Belo Horizonte",
        "estado": "MG",
        "consoles": "PS5|Xbox Series X",
        "jogos_preferidos": "Assassin's Creed Valhalla|Doom Eternal|Resident Evil Village|Sekiro|Control"
    },
    {
        "id": 6,
        "nome_completo": "João Silva",
        "data_nascimento": "1985-07-20",
        "email": "joao.silva@example.com",
        "cidade": "Rio de Janeiro",
        "estado": "RJ",
        "consoles": "PS5|Xbox Series X",
        "jogos_preferidos": "The Last of Us|Halo Infinite|FIFA 21|Cyberpunk 2077|GTA V"
    },
    {
        "id": 7,
        "nome_completo": "Clara Mendes",
        "data_nascimento": "1995-06-30",
        "email": "clara.mendes@example.com",
        "cidade": "São Paulo",
        "estado": "SP",
        "consoles": "PS5|Switch",
        "jogos_preferidos": "Final Fantasy VII Remake|Celeste|Persona 5|Hollow Knight|Monster Hunter Rise"
    },
    {
        "id": 8,
        "nome_completo": "Bruno Almeida",
        "data_nascimento": "1992-12-10",
        "email": "bruno.almeida@example.com",
        "cidade": "Porto Alegre",
        "estado": "RS",
        "consoles": "Xbox One|PS4",
        "jogos_preferidos": "Gears 5|Death Stranding|Ghost of Tsushima|Sekiro|Horizon Zero Dawn"
    },
    {
        "id": 9,
        "nome_completo": "Maria Oliveira",
        "data_nascimento": "05-11-1999",
        "email": "maria.oliveira@example.com",
        "cidade": "Curitiba",
        "estado": "PR",
        "consoles": "",
        "jogos_preferidos": "Zelda Breath of the Wild|Uncharted 4|Mario Kart 8|Animal Crossing|Overwatch"
    },
    {
        "id": 10,
        "nome_completo": "Lucas Martins",
        "data_nascimento": "1998-09-25",
        "email": "lucas.martins@example.com",
        "cidade": "Recife",
        "estado": "PE",
        "consoles": "PS5|Xbox Series X",
        "jogos_preferidos": "Demon's Souls|Yakuza Like a Dragon|Returnal|Resident Evil 3|Ghost of Tsushima"
    }
]
